Protein,Breast,Colon,Ewing_sarcoma,Melanoma,Ovary_patientsample
A0A024RBG1,0,0,0,0,1
A0A1B0GWK0,0,0,0,0,1
A0A286YF01,0,0,0,0,1
A0AUZ9,0,0,0,0,1
A0MZ66,0,0,0,0,1
A1X283,0,0,0,0,1
A1Z1Q3,0,0,0,0,1
A2RUC4,0,0,0,0,1
A3KN83,0,0,0,0,1
A4UGR9,0,0,0,0,1
A6H8Y1,0,0,0,0,1
A6NCC3,0,1,0,0,0
A6ND36,0,0,0,0,1
A6NDK9,0,0,0,0,1
A6NFN3,0,0,0,0,1
A6NHQ2,0,1,0,0,0
A6NHR9,0,0,0,0,1
A6NIH7,0,0,0,0,1
A6NJZ7,0,0,0,0,1
A7MCY6,0,1,0,0,0
A8K8P3,0,0,0,0,1
A8MUH7,0,0,0,0,1
A8MWD9,1,0,0,0,0
A8MX34,0,0,0,0,1
A8MXV4,0,0,0,0,1
C9J1S8,0,0,0,0,1
G2XKQ0,1,0,0,0,0
L0R819,0,0,0,0,1
O00170,0,0,0,0,1
O00255,0,0,0,0,1
O00268,0,0,0,0,1
O00329,0,0,0,0,1
O00399,0,0,0,0,1
O00423,0,0,0,0,1
O00425,0,0,0,0,1
O00442,0,0,0,0,1
O00458,0,0,0,0,1
O00459,0,0,0,0,1
O00470,0,0,0,0,1
O00472,0,0,0,0,1
O00479,0,0,0,0,1
O00505,0,0,0,0,1
O00534,0,0,0,0,1
O00541,0,0,0,0,1
O00567,0,0,0,0,1
O00625,0,0,0,0,1
O00635,0,0,0,0,1
O14513,0,0,0,0,1
O14519,0,0,0,0,1
O14531,0,0,0,0,1
O14578,0,0,0,0,1
O14593,0,0,0,0,1
O14639,0,0,0,0,1
O14646,0,1,0,0,0
O14647,0,0,0,0,1
O14686,0,0,0,0,1
O14732,0,0,0,0,1
O14733,0,0,0,0,1
O14776,0,1,0,0,0
O14777,0,0,0,0,1
O14802,0,0,0,0,1
O14924,0,0,0,0,1
O14933,0,0,0,0,1
O15040,0,0,0,0,1
O15054,0,0,0,0,1
O15061,0,0,0,0,1
O15084,0,0,0,0,1
O15116,0,0,0,0,1
O15119,0,0,0,0,1
O15151,0,0,0,0,1
O15160,0,0,0,0,1
O15164,0,0,0,0,1
O15213,0,0,0,0,1
O15226,0,0,0,0,1
O15254,0,0,0,0,1
O15259,0,0,0,0,1
O15305,0,0,0,0,1
O15344,0,0,0,0,1
O15360,0,0,0,0,1
O15381,0,0,0,0,1
O15392,0,0,0,0,1
O15397,0,0,0,0,1
O15539,0,1,0,0,0
O15541,1,0,0,0,0
O15550,0,0,0,0,1
O43159,0,0,0,0,1
O43166,0,0,0,0,1
O43172,0,0,0,0,1
O43196,0,0,0,0,1
O43237,0,0,0,0,1
O43251,0,1,0,0,0
O43281,0,0,0,0,1
O43324,0,0,0,0,1
O43390,0,1,0,0,0
O43395,0,0,0,0,1
O43422,0,0,0,0,1
O43463,0,1,0,0,0
O43593,0,0,0,0,1
O43665,0,0,0,0,1
O43670,0,0,0,0,1
O43719,0,0,0,0,1
O43741,0,0,0,0,1
O43805,0,0,0,0,1
O43824,0,0,0,0,1
O43918,1,0,0,0,0
O60216,0,0,0,0,1
O60231,0,0,0,0,1
O60237,0,0,0,0,1
O60244,0,0,0,0,1
O60256,0,0,0,0,1
O60281,0,0,0,0,1
O60294,0,0,0,0,1
O60299,0,0,0,0,1
O60306,0,0,0,0,1
O60315,0,0,0,0,1
O60318,0,0,0,0,1
O60502,0,0,0,0,1
O60508,0,0,0,0,1
O60524,0,0,0,0,1
O60566,0,0,0,0,1
O60573,0,0,0,0,1
O60663,0,0,0,0,1
O60671,0,0,0,0,1
O60739,0,0,0,0,1
O60810,0,0,0,0,1
O60825,0,0,0,0,1
O60826,0,0,0,0,1
O60828,0,0,0,0,1
O60870,0,0,0,0,1
O60879,0,0,0,0,1
O60885,0,0,0,0,1
O60907,0,0,0,0,1
O60927,0,0,0,0,1
O60942,0,1,0,0,0
O75113,0,0,0,0,1
O75140,0,0,0,0,1
O75147,0,0,0,0,1
O75150,0,0,0,0,1
O75152,0,0,0,0,1
O75170,0,0,0,0,1
O75175,0,0,0,0,1
O75179,0,0,0,0,1
O75182,0,0,0,0,1
O75190,0,0,0,0,1
O75191,0,0,0,0,1
O75342,0,0,0,0,1
O75391,0,0,0,0,1
O75417,0,0,0,0,1
O75420,0,0,0,0,1
O75448,0,0,0,0,1
O75449,0,0,0,0,1
O75475,0,0,0,0,1
O75494,0,0,0,0,1
O75529,0,0,0,0,1
O75530,0,0,0,0,1
O75569,0,0,0,0,1
O75586,1,0,0,0,0
O75602,0,0,0,0,1
O75607,0,0,0,0,1
O75688,0,0,0,0,1
O75689,0,0,0,0,1
O75717,0,1,0,0,0
O75764,0,0,0,0,1
O75792,0,0,0,0,1
O75808,0,0,0,0,1
O75817,0,0,0,0,1
O75818,0,0,0,0,1
O75832,0,0,0,0,1
O75884,0,0,0,0,1
O75909,0,0,0,0,1
O75935,0,0,0,0,1
O75962,0,0,0,0,1
O76071,0,0,0,0,1
O76074,0,0,0,0,1
O76075,0,0,0,0,1
O76094,0,0,0,0,1
O77932,0,0,0,0,1
O94762,1,0,0,0,0
O94776,0,0,0,0,1
O94829,0,0,0,0,1
O94880,0,0,0,0,1
O94906,0,0,0,0,1
O94916,1,0,0,0,0
O94952,0,0,0,0,1
O94988,0,0,0,0,1
O95059,0,0,0,0,1
O95071,0,0,0,0,1
O95081,0,0,0,0,1
O95104,0,0,0,0,1
O95149,0,0,0,0,1
O95155,0,0,0,0,1
O95163,0,0,0,0,1
O95218,0,0,0,0,1
O95239,0,0,0,0,1
O95248,0,0,0,0,1
O95251,0,0,0,0,1
O95273,0,0,0,0,1
O95294,0,0,0,0,1
O95319,0,0,0,0,1
O95359,0,0,0,0,1
O95361,0,0,0,0,1
O95376,0,0,0,0,1
O95379,0,1,0,0,0
O95400,0,0,0,0,1
O95402,0,0,0,0,1
O95416,0,1,0,0,0
O95453,0,0,0,0,1
O95456,0,0,0,0,1
O95551,0,0,0,0,1
O95602,0,0,0,0,1
O95613,0,0,1,0,0
O95619,0,0,0,0,1
O95639,0,0,0,0,1
O95671,0,0,0,0,1
O95714,0,0,0,0,1
O95749,0,0,0,0,1
O95757,1,0,0,0,0
O95786,0,0,1,0,0
O95817,0,0,0,0,1
O95819,0,0,0,0,1
O95825,0,0,0,0,1
O95848,0,0,0,0,1
O95983,0,0,0,0,1
O95985,0,0,0,0,1
O95996,0,0,0,0,1
O95999,0,0,0,0,1
O96006,0,0,0,0,1
O96013,0,0,0,0,1
O96017,0,0,0,0,1
O96018,0,0,0,0,1
O96028,0,0,0,0,1
P00439,1,0,0,0,0
P02100,1,0,0,0,0
P04198,0,0,0,0,1
P04731,0,0,0,0,1
P04733,0,0,0,0,1
P05423,0,0,0,0,1
P05549,1,0,0,0,0
P05813,1,0,0,0,0
P06400,0,0,0,0,1
P07197,0,0,0,0,1
P07305,0,0,0,0,1
P07438,0,0,0,0,1
P07902,0,0,0,0,1
P08047,1,0,0,0,0
P08651,0,0,0,0,1
P09132,0,0,0,0,1
P09234,0,0,0,0,1
P09488,0,0,0,0,1
P09884,0,0,0,0,1
P0C7H9,0,1,0,0,0
P0C7P3,0,0,0,0,1
P0C7V8,0,0,0,0,1
P0DI83,0,0,1,0,0
P0DMM9,0,0,0,0,1
P0DN76,0,0,0,0,1
P0DN79,0,0,0,0,1
P10071,0,0,0,0,1
P10074,0,0,0,0,1
P10243,0,0,0,0,1
P10244,0,0,0,0,1
P10911,0,0,0,0,1
P11171,0,0,0,0,1
P11172,0,0,0,0,1
P11441,0,0,0,0,1
P11926,0,0,0,0,1
P12755,0,0,0,0,1
P13533,0,0,0,0,1
P13640,0,0,0,0,1
P13807,0,0,0,0,1
P13984,0,0,0,0,1
P15408,0,0,0,0,1
P15882,0,0,0,0,1
P15884,1,0,0,0,0
P15918,0,0,0,0,1
P16401,0,0,0,0,1
P16402,0,0,0,0,1
P16455,0,0,0,0,1
P17010,0,0,0,0,1
P18583,0,0,0,0,1
P18615,0,0,0,0,1
P18846,0,0,0,0,1
P18887,0,0,0,0,1
P19174,0,0,0,0,1
P19387,0,0,0,0,1
P19484,0,0,0,0,1
P19525,0,0,0,0,1
P20248,0,0,0,0,1
P20393,0,0,1,0,0
P21359,0,0,0,0,1
P22528,0,0,0,0,1
P22531,0,0,0,0,1
P22670,0,0,0,0,1
P22676,1,0,0,0,0
P23258,0,0,0,0,1
P23490,0,0,0,0,1
P24386,0,0,0,0,1
P24863,0,0,0,0,1
P24864,0,0,0,0,1
P24928,0,0,0,0,1
P24941,0,1,0,0,0
P25205,0,1,0,0,0
P25440,0,0,0,0,1
P25490,0,0,0,0,1
P27986,0,0,0,0,1
P28289,0,0,0,0,1
P28347,0,0,0,0,1
P28358,0,0,0,0,1
P28702,0,0,0,0,1
P28749,0,0,0,0,1
P29558,0,0,0,0,1
P29762,0,0,0,0,1
P30260,0,0,0,0,1
P30519,0,0,0,0,1
P31150,0,1,0,0,0
P31268,0,0,0,0,1
P31483,0,0,0,0,1
P31629,0,0,0,0,1
P32314,0,0,0,0,1
P35219,0,0,0,0,1
P35227,0,0,0,0,1
P35244,0,0,0,0,1
P35249,0,0,0,0,1
P35250,0,0,0,0,1
P35658,0,0,0,0,1
P35659,0,0,0,0,1
P35663,0,0,0,0,1
P35712,0,0,0,0,1
P36402,0,0,0,0,1
P36954,0,0,0,0,1
P37198,0,0,0,0,1
P37275,0,0,0,0,1
P38432,0,0,0,0,1
P38919,0,1,0,0,0
P39880,0,0,0,0,1
P40261,0,0,0,0,1
P40306,0,0,0,0,1
P40394,0,0,1,0,0
P40424,0,0,0,0,1
P40855,0,0,0,0,1
P41208,0,0,0,0,1
P41212,0,0,0,0,1
P41214,0,0,0,0,1
P41223,0,0,0,0,1
P41226,0,0,0,0,1
P41229,0,0,0,0,1
P42166,1,0,0,0,0
P42224,0,0,0,0,1
P42331,0,0,0,0,1
P42338,0,0,0,0,1
P42357,0,0,0,0,1
P42695,0,0,1,0,0
P42696,0,0,0,0,1
P42771,0,0,0,0,1
P42898,0,0,0,0,1
P43246,0,0,0,0,1
P43364,0,0,1,0,0
P45381,0,0,0,0,1
P45973,0,0,0,0,1
P46100,0,0,0,0,1
P46736,0,0,0,0,1
P46937,0,0,1,0,0
P47813,0,0,0,0,1
P48382,0,0,0,0,1
P48552,0,0,0,0,1
P48553,0,0,0,0,1
P48729,0,0,0,0,1
P49005,0,0,0,0,1
P49356,0,0,0,0,1
P49441,0,0,0,0,1
P49450,0,0,0,0,1
P49593,0,0,0,0,1
P49711,0,0,0,0,1
P49750,0,0,0,0,1
P49756,0,0,0,0,1
P49770,0,0,0,0,1
P49790,0,0,0,0,1
P49917,0,0,0,0,1
P49959,0,0,0,0,1
P50548,0,0,0,0,1
P50613,0,0,0,0,1
P50748,0,0,0,0,1
P51003,0,0,0,0,1
P51116,0,0,0,0,1
P51452,0,0,0,0,1
P51580,0,0,0,0,1
P51610,0,0,0,0,1
P51617,0,0,0,0,1
P51812,0,0,0,0,1
P51826,0,0,0,0,1
P51854,0,0,0,0,1
P51946,0,0,0,0,1
P51948,0,0,0,0,1
P52179,0,0,0,0,1
P52294,0,0,0,0,1
P52298,0,0,0,0,1
P52655,0,1,0,0,0
P52657,0,0,0,0,1
P52701,0,0,0,0,1
P52732,0,0,0,0,1
P52735,0,0,0,0,1
P52926,0,0,0,0,1
P52952,0,0,0,0,1
P53365,0,0,0,0,1
P53367,0,0,0,0,1
P53384,0,0,0,0,1
P53609,0,0,0,0,1
P53611,0,0,0,0,1
P53671,0,1,0,0,0
P53804,0,0,0,0,1
P54105,0,0,0,0,1
P54132,0,0,0,0,1
P54277,0,0,0,0,1
P54284,0,0,0,0,1
P54619,0,0,0,0,1
P55201,0,0,0,0,1
P55795,0,0,0,0,1
P55854,1,0,0,0,0
P56182,0,0,0,0,1
P56270,0,0,0,0,1
P56945,0,0,0,0,1
P57071,0,0,0,0,1
P57076,0,0,0,0,1
P57081,0,0,0,0,1
P57740,0,0,0,0,1
P57772,0,0,0,0,1
P59046,0,0,0,0,1
P60323,0,0,0,0,1
P60370,0,0,0,0,1
P60891,0,0,0,0,1
P61011,0,0,0,0,1
P61599,0,0,0,0,1
P61927,0,0,0,0,1
P61962,0,0,0,0,1
P61964,0,0,0,0,1
P62256,0,0,0,0,1
P62308,0,0,0,0,1
P62487,0,0,0,0,1
P62760,0,1,0,0,0
P62877,0,0,0,0,1
P63302,0,0,0,0,1
P68363,0,1,0,0,0
P68400,0,0,0,0,1
P78316,0,0,0,0,1
P78345,0,0,0,0,1
P78346,0,0,0,0,1
P78362,0,0,0,0,1
P78415,0,0,0,0,1
P78559,0,0,0,0,1
P78563,0,0,0,0,1
P80217,0,0,0,0,1
P82094,0,0,0,0,1
P83876,0,0,0,0,1
P84101,0,0,0,0,1
P86452,0,0,0,0,1
Q00653,0,0,0,0,1
Q01064,0,0,0,0,1
Q01415,0,0,0,0,1
Q01804,0,0,0,0,1
Q02078,0,0,0,0,1
Q02447,0,0,0,0,1
Q03111,0,0,0,0,1
Q03112,0,0,0,0,1
Q03181,0,0,1,0,0
Q03468,0,0,0,0,1
Q03923,1,0,0,0,0
Q04323,0,0,0,0,1
Q04724,0,0,0,0,1
Q04864,0,0,0,0,1
Q05048,0,0,0,0,1
Q05639,0,1,0,0,0
Q06190,0,0,0,0,1
Q06330,0,0,0,0,1
Q06455,0,0,0,0,1
Q06710,0,0,0,0,1
Q07889,0,0,0,0,1
Q08426,0,0,0,0,1
Q08623,0,0,0,0,1
Q08AD1,0,0,0,0,1
Q08AM6,0,0,0,0,1
Q09019,0,0,0,0,1
Q09028,0,1,0,0,0
Q0VDD8,0,0,0,0,1
Q0VDF9,0,0,0,0,1
Q0VF96,0,0,1,0,0
Q0VGL1,0,0,0,0,1
Q12766,0,0,0,0,1
Q12768,0,0,0,0,1
Q12769,0,0,0,0,1
Q12774,0,0,0,0,1
Q12788,0,0,0,0,1
Q12815,0,1,0,0,0
Q12824,0,0,0,0,1
Q12872,0,0,0,0,1
Q12899,0,0,0,0,1
Q12972,0,0,0,0,1
Q12979,0,1,0,0,0
Q12986,0,0,0,0,1
Q13023,0,0,0,0,1
Q13042,0,0,0,0,1
Q13045,0,0,0,0,1
Q13085,0,0,0,0,1
Q13105,0,0,0,0,1
Q13112,0,1,0,0,0
Q13129,0,0,0,0,1
Q13131,0,0,0,0,1
Q13136,0,0,0,0,1
Q13144,0,0,0,0,1
Q13188,0,0,0,0,1
Q13206,0,0,0,0,1
Q13232,0,0,0,0,1
Q13242,0,0,0,0,1
Q13243,0,0,0,0,1
Q13287,0,0,0,0,1
Q13363,0,0,0,0,1
Q13395,0,0,1,0,0
Q13422,0,0,0,0,1
Q13426,0,1,0,0,0
Q13427,0,0,0,0,1
Q13459,0,0,0,0,1
Q13485,0,0,0,0,1
Q13523,0,0,0,0,1
Q13535,0,0,0,0,1
Q13542,0,0,1,0,0
Q13547,0,1,0,0,0
Q13562,1,0,0,0,0
Q13573,0,0,0,0,1
Q13608,0,0,1,0,0
Q13610,0,0,0,0,1
Q13619,0,1,0,0,0
Q13642,0,0,0,0,1
Q13643,0,0,0,0,1
Q13769,0,0,0,0,1
Q13795,0,0,0,0,1
Q13835,0,0,0,0,1
Q13895,0,0,0,0,1
Q13907,0,0,0,0,1
Q13946,0,0,1,0,0
Q13951,0,0,0,0,1
Q13952,0,0,0,0,1
Q13972,0,0,0,0,1
Q14123,0,0,0,0,1
Q14134,0,0,0,0,1
Q14139,0,0,0,0,1
Q14145,0,0,0,0,1
Q14146,0,0,0,0,1
Q14155,0,0,0,0,1
Q14161,0,0,0,0,1
Q14181,0,0,0,0,1
Q14185,0,0,0,0,1
Q14192,0,0,0,0,1
Q14202,0,0,0,0,1
Q14240,0,1,0,0,0
Q14331,0,0,0,0,1
Q14353,0,0,0,0,1
Q14498,0,0,0,0,1
Q14653,0,0,0,0,1
Q14657,0,0,0,0,1
Q14669,0,0,0,0,1
Q14671,0,0,0,0,1
Q14676,0,0,0,0,1
Q14684,0,0,0,0,1
Q14690,0,0,0,0,1
Q14692,0,0,0,0,1
Q14694,0,0,0,0,1
Q14738,0,0,0,0,1
Q14781,0,0,0,0,1
Q14872,0,0,0,0,1
Q14896,0,0,0,0,1
Q149M9,0,0,0,0,1
Q149N8,0,0,0,0,1
Q14CM0,0,0,0,0,1
Q15003,0,0,0,0,1
Q15014,0,0,0,0,1
Q15018,0,0,0,0,1
Q15021,0,0,0,0,1
Q15047,0,0,0,0,1
Q15050,0,0,0,0,1
Q15058,0,0,0,0,1
Q15061,0,0,0,0,1
Q15067,0,0,0,0,1
Q15111,0,0,0,0,1
Q15147,0,0,0,0,1
Q15172,0,0,0,0,1
Q15208,0,0,0,0,1
Q15269,0,0,0,0,1
Q15287,0,0,0,0,1
Q15291,0,0,0,0,1
Q15326,0,0,0,0,1
Q15334,0,0,0,0,1
Q15397,0,0,0,0,1
Q15477,0,0,0,0,1
Q15493,1,0,0,0,0
Q15528,0,0,0,0,1
Q15573,0,0,0,0,1
Q15645,0,0,0,0,1
Q15648,0,0,0,0,1
Q15650,0,0,0,0,1
Q15652,0,0,0,0,1
Q15653,0,0,0,0,1
Q15678,1,0,0,0,0
Q15696,0,1,0,0,0
Q15714,1,0,0,0,0
Q15750,0,0,0,0,1
Q15772,0,0,0,0,1
Q15813,0,0,0,0,1
Q15814,0,0,0,0,1
Q15911,0,0,0,0,1
Q16204,0,0,0,0,1
Q16513,0,0,0,0,1
Q16527,0,0,0,0,1
Q16537,0,0,0,0,1
Q16560,0,0,0,0,1
Q16600,1,0,0,0,0
Q16637,0,0,0,0,1
Q16649,0,0,0,0,1
Q16666,0,0,0,0,1
Q16774,0,0,0,0,1
Q16875,0,0,0,0,1
Q16890,0,0,0,0,1
Q17R89,0,0,0,0,1
Q17R98,0,0,0,0,1
Q17RB0,0,0,0,0,1
Q17RC7,0,0,0,0,1
Q19AV6,0,0,0,0,1
Q1ED39,0,0,0,0,1
Q27J81,0,0,0,0,1
Q29RF7,0,0,0,0,1
Q2KHM9,0,0,0,0,1
Q2KHR2,0,0,1,0,0
Q2KJY2,0,0,0,0,1
Q2M1K9,0,0,0,0,1
Q2M389,0,0,0,0,1
Q2NL82,0,0,0,0,1
Q2TAL8,0,0,0,0,1
Q2TB10,0,0,0,0,1
Q2TBE0,0,0,0,0,1
Q2VPK5,0,1,0,0,0
Q2VWA4,1,0,0,0,0
Q2YD98,0,0,0,0,1
Q32M88,0,0,0,0,1
Q32MZ4,0,0,0,0,1
Q32P44,0,0,0,0,1
Q3KQU3,0,0,0,0,1
Q3LI62,0,1,0,0,0
Q3SXY8,0,1,0,0,0
Q3SY00,0,0,0,0,1
Q3T8J9,0,0,0,0,1
Q460N5,0,0,0,0,1
Q494X3,1,0,0,0,0
Q49A26,0,0,0,0,1
Q4AC94,0,0,0,0,1
Q4G0J3,0,0,0,0,1
Q4J6C6,0,0,0,0,1
Q4KMP7,0,0,0,0,1
Q4KWH8,0,0,0,0,1
Q4LE39,0,0,0,0,1
Q52LW3,0,0,0,0,1
Q53EL6,0,0,0,0,1
Q53EV4,0,0,0,0,1
Q53GL7,0,0,0,0,1
Q53GT1,0,0,0,0,1
Q53TQ3,0,0,0,0,1
Q567U6,0,0,0,0,1
Q56NI9,0,0,0,0,1
Q587J7,0,1,0,0,0
Q58F21,0,0,0,0,1
Q58WW2,0,0,0,0,1
Q59H18,0,0,0,0,1
Q5BJE1,0,0,0,0,1
Q5BN46,0,0,0,0,1
Q5F1R6,0,0,0,0,1
Q5FWF4,0,0,0,0,1
Q5GLZ8,0,0,0,0,1
Q5H9R7,0,0,0,0,1
Q5JQC9,0,0,0,0,1
Q5JR98,1,0,0,0,0
Q5JSH3,0,0,0,0,1
Q5JSJ4,0,0,0,0,1
Q5K651,0,0,0,0,1
Q5M775,0,0,0,0,1
Q5MNZ6,0,0,0,0,1
Q5QGS0,0,0,0,0,1
Q5QJE6,0,0,0,0,1
Q5SVZ6,0,0,0,0,1
Q5SY16,0,0,0,0,1
Q5T1M5,0,0,0,0,1
Q5T1R4,0,0,0,0,1
Q5T200,0,0,0,0,1
Q5T2S8,0,0,0,0,1
Q5T447,0,0,0,0,1
Q5T5P2,0,0,0,0,1
Q5T5X7,0,0,0,0,1
Q5T5Y3,0,0,0,0,1
Q5T7N2,0,0,0,0,1
Q5T8A7,0,0,0,0,1
Q5TB80,0,0,0,0,1
Q5TBA9,0,0,0,0,1
Q5TCZ1,0,1,0,0,0
Q5TDH0,0,0,0,0,1
Q5THR3,0,1,0,0,0
Q5UIP0,0,0,0,0,1
Q5VT52,0,0,0,0,1
Q5VT97,0,0,0,0,1
Q5VTL8,0,0,0,0,1
Q5VTR2,0,0,0,0,1
Q5VU43,0,0,0,0,1
Q5VUA4,0,0,0,0,1
Q5VV41,0,0,0,0,1
Q5VWG9,0,0,0,0,1
Q5VWN6,0,0,0,0,1
Q5VWZ2,0,1,0,0,0
Q5VXU9,0,0,0,0,1
Q5VY09,0,0,0,0,1
Q5VYS8,0,0,0,0,1
Q5VZ46,0,0,0,0,1
Q5VZE5,0,1,0,0,0
Q5VZM2,0,0,0,0,1
Q5VZP5,0,1,0,0,0
Q5XPI4,0,0,0,0,1
Q63HK5,0,0,0,0,1
Q63HN8,0,0,0,0,1
Q66PJ3,0,0,0,0,1
Q684P5,0,0,0,0,1
Q68D10,0,0,0,0,1
Q68DK2,0,0,0,0,1
Q68DQ2,0,0,0,0,1
Q68E01,0,0,0,0,1
Q69YN2,0,0,0,0,1
Q6AW86,0,1,0,0,0
Q6AWC2,0,0,1,0,0
Q6BCY4,0,0,0,0,1
Q6DHV7,0,0,0,0,1
Q6DKI1,0,0,0,0,1
Q6DT37,0,1,0,0,0
Q6EMB2,0,0,0,0,1
Q6FIF0,0,0,0,0,1
Q6GYQ0,0,0,0,0,1
Q6H8Q1,0,0,0,0,1
Q6I9Y2,0,0,0,0,1
Q6IA69,0,0,0,0,1
Q6ICL3,0,0,0,0,1
Q6IE81,0,0,0,0,1
Q6IN85,0,0,0,0,1
Q6L8H4,0,0,0,0,1
Q6MZP7,0,0,0,0,1
Q6N021,0,0,0,0,1
Q6NSW5,0,0,0,0,1
Q6NWY9,0,0,0,0,1
Q6NXE6,0,0,0,0,1
Q6NXG1,0,0,0,0,1
Q6NXR4,0,0,0,0,1
Q6NZY4,0,0,0,0,1
Q6P1K2,0,0,0,0,1
Q6P1M3,0,0,0,0,1
Q6P1N9,0,0,0,0,1
Q6P2E9,0,0,0,0,1
Q6P4F7,0,0,0,0,1
Q6P4I2,0,0,0,0,1
Q6P6C2,0,0,1,0,0
Q6P996,0,0,0,0,1
Q6P9B6,0,0,0,0,1
Q6PCE3,0,0,0,0,1
Q6PGP7,0,0,0,0,1
Q6PI26,0,0,0,0,1
Q6PJG2,0,0,0,0,1
Q6PJI9,0,0,0,0,1
Q6R327,0,0,0,0,1
Q6RFH5,0,0,0,0,1
Q6RI45,0,0,0,0,1
Q6STE5,0,0,0,0,1
Q6TFL4,0,0,0,0,1
Q6UB98,0,0,0,0,1
Q6ULP2,0,0,0,0,1
Q6UVJ0,0,0,0,0,1
Q6UWE0,0,0,0,0,1
Q6UWZ7,0,0,0,0,1
Q6V1X1,0,0,0,0,1
Q6VUC0,0,0,0,0,1
Q6WBX8,0,0,0,0,1
Q6WCQ1,0,0,0,0,1
Q6XD76,0,1,0,0,0
Q6Y7W6,0,0,0,0,1
Q6ZMI0,0,0,0,0,1
Q6ZMK1,0,0,0,0,1
Q6ZMW3,0,0,0,0,1
Q6ZN04,1,0,0,0,0
Q6ZN30,0,0,0,0,1
Q6ZNJ1,0,0,0,0,1
Q6ZNW5,0,0,0,0,1
Q6ZP01,0,0,0,0,1
Q6ZP82,0,0,0,0,1
Q6ZRS2,0,0,0,0,1
Q6ZRV2,0,0,0,0,1
Q6ZS30,0,0,0,0,1
Q6ZS81,0,0,0,0,1
Q6ZU35,0,0,0,0,1
Q6ZUX3,0,0,0,0,1
Q6ZV73,0,0,0,0,1
Q702N8,0,0,0,0,1
Q70CQ4,0,0,0,0,1
Q70Z35,0,0,0,0,1
Q70Z53,0,1,0,0,0
Q712K3,0,0,0,0,1
Q76NI1,0,0,0,0,1
Q7L266,0,0,0,0,1
Q7L2J0,0,0,0,0,1
Q7L5D6,0,0,0,0,1
Q7L775,0,0,0,0,1
Q7LBC6,0,0,0,0,1
Q7RTP6,0,0,0,0,1
Q7RTV0,0,0,0,0,1
Q7Z2T5,0,0,0,0,1
Q7Z2W4,0,0,0,0,1
Q7Z2Y5,0,0,0,0,1
Q7Z2Y8,0,0,0,0,1
Q7Z2Z2,0,0,0,0,1
Q7Z333,0,0,0,0,1
Q7Z353,0,0,0,0,1
Q7Z3K3,0,0,0,0,1
Q7Z3K6,0,0,0,0,1
Q7Z3V5,0,1,0,0,0
Q7Z3Z4,0,0,0,0,1
Q7Z460,0,0,0,1,0
Q7Z478,0,0,0,0,1
Q7Z4G1,0,0,0,0,1
Q7Z4H7,0,0,0,0,1
Q7Z4S6,0,0,0,0,1
Q7Z4V0,0,0,0,0,1
Q7Z4V5,0,0,0,0,1
Q7Z4W3,0,0,0,0,1
Q7Z569,0,0,0,0,1
Q7Z570,1,0,0,0,0
Q7Z591,0,1,0,0,0
Q7Z5D8,1,0,0,0,0
Q7Z5K2,0,0,0,0,1
Q7Z6B7,0,0,0,0,1
Q7Z6E9,0,0,0,0,1
Q7Z6J0,0,0,0,0,1
Q7Z6K5,0,0,0,0,1
Q7Z6R9,0,0,0,0,1
Q7Z7A1,0,0,0,0,1
Q7Z7B0,1,0,0,0,0
Q7Z7E8,0,0,0,0,1
Q7Z7L9,1,0,0,0,0
Q86SQ7,0,0,1,0,0
Q86SZ2,0,0,0,0,1
Q86T82,0,0,0,0,1
Q86TB9,0,0,0,0,1
Q86TI2,0,0,0,0,1
Q86TP1,0,0,0,0,1
Q86TU7,0,0,0,0,1
Q86U44,0,0,0,0,1
Q86U70,0,0,0,0,1
Q86UA1,0,0,0,0,1
Q86UP3,0,0,0,0,1
Q86V97,0,0,0,0,1
Q86VF2,0,0,0,0,1
Q86VM9,0,0,0,0,1
Q86VS8,0,0,0,0,1
Q86VV8,0,0,0,0,1
Q86VY4,0,0,0,0,1
Q86W28,0,0,0,0,1
Q86W42,0,0,0,0,1
Q86W92,0,0,0,0,1
Q86WB0,0,0,0,0,1
Q86WJ1,0,0,0,0,1
Q86X83,0,0,0,0,1
Q86XK2,0,0,0,0,1
Q86XW9,0,0,0,0,1
Q86Y13,0,0,0,0,1
Q86Y26,0,1,0,0,0
Q86Y56,0,0,0,0,1
Q86YV5,0,0,0,0,1
Q86YW0,1,0,0,0,0
Q86Z02,0,0,0,0,1
Q86Z20,0,0,0,0,1
Q8IUC4,0,0,0,0,1
Q8IUF8,0,0,0,0,1
Q8IUG5,0,1,0,0,0
Q8IUI8,0,0,0,0,1
Q8IUR0,0,0,0,0,1
Q8IUX4,0,1,0,0,0
Q8IVD9,0,0,0,0,1
Q8IVG5,0,0,0,0,1
Q8IVL0,0,0,0,0,1
Q8IVM0,1,0,0,0,0
Q8IVV2,0,0,0,0,1
Q8IWA0,0,0,0,0,1
Q8IWB7,0,0,0,0,1
Q8IWE2,0,0,0,0,1
Q8IWI9,0,0,0,0,1
Q8IWR0,0,0,0,0,1
Q8IWS0,0,0,0,0,1
Q8IWV7,0,0,0,0,1
Q8IWZ3,0,0,0,0,1
Q8IX01,0,0,0,0,1
Q8IX07,0,0,0,0,1
Q8IXH7,0,0,0,0,1
Q8IXJ9,0,0,0,0,1
Q8IXT5,0,0,0,0,1
Q8IY21,0,0,0,0,1
Q8IY67,0,0,0,0,1
Q8IY81,0,0,0,0,1
Q8IYB3,0,0,0,0,1
Q8IYH5,0,0,0,0,1
Q8IYI6,0,0,0,0,1
Q8IYL3,0,0,0,0,1
Q8IYR0,0,0,0,0,1
Q8IYS1,0,0,0,0,1
Q8IYT3,0,0,0,0,1
Q8IZ21,0,0,0,0,1
Q8IZC4,0,0,0,0,1
Q8IZQ5,0,0,0,0,1
Q8IZX4,0,0,0,0,1
Q8N0W3,0,0,0,0,1
Q8N103,0,0,0,0,1
Q8N108,0,0,0,0,1
Q8N157,0,0,0,0,1
Q8N1G0,0,0,0,0,1
Q8N1G1,0,0,0,0,1
Q8N1Q1,0,0,0,0,1
Q8N257,0,0,0,0,1
Q8N264,0,0,0,0,1
Q8N393,0,1,0,0,0
Q8N3C0,0,0,0,0,1
Q8N3K9,0,0,0,0,1
Q8N4C6,0,0,0,0,1
Q8N4J0,0,0,0,0,1
Q8N4X5,0,0,0,0,1
Q8N556,0,0,0,0,1
Q8N5F7,0,0,0,0,1
Q8N5L8,0,0,0,0,1
Q8N5R6,0,0,0,0,1
Q8N684,0,0,0,0,1
Q8N6T3,0,0,0,0,1
Q8N6T7,0,0,0,0,1
Q8N7A1,0,0,0,0,1
Q8N7H5,0,0,0,0,1
Q8N7X1,0,0,0,0,1
Q8N7Z5,0,0,0,0,1
Q8N806,0,0,0,0,1
Q8N895,0,0,0,0,1
Q8N8A6,0,0,0,0,1
Q8N8E3,0,0,0,0,1
Q8N9N2,0,0,0,0,1
Q8N9T8,0,0,0,0,1
Q8N9V7,0,0,0,0,1
Q8NAP3,0,1,0,0,0
Q8NAV1,0,0,0,0,1
Q8NB78,0,0,0,0,1
Q8NCA5,0,0,0,0,1
Q8NCF5,0,0,0,0,1
Q8ND04,0,0,0,1,0
Q8ND56,0,0,0,0,1
Q8ND82,0,0,0,0,1
Q8NDF8,0,0,0,0,1
Q8NDH3,0,0,0,0,1
Q8NDI1,0,0,0,0,1
Q8NDT2,0,0,0,0,1
Q8NDV3,0,0,0,0,1
Q8NDY6,0,0,0,0,1
Q8NEF9,0,0,0,0,1
Q8NEH6,0,0,0,0,1
Q8NEV8,0,0,0,0,1
Q8NEY1,0,0,0,0,1
Q8NEZ4,0,0,0,0,1
Q8NFA0,0,0,0,0,1
Q8NFC6,0,0,0,0,1
Q8NFD5,0,0,0,0,1
Q8NFH3,0,0,0,0,1
Q8NFH4,0,0,0,0,1
Q8NFI3,0,0,0,0,1
Q8NFI4,1,0,0,0,0
Q8NFU3,0,0,0,0,1
Q8NFW8,0,0,0,0,1
Q8NFZ0,0,0,0,0,1
Q8NG50,0,0,0,0,1
Q8NHM5,0,0,0,0,1
Q8NHQ1,0,0,0,0,1
Q8NHQ9,0,0,0,0,1
Q8NHS2,0,0,0,0,1
Q8NI27,0,0,0,0,1
Q8NI36,0,0,0,0,1
Q8TAC2,0,0,0,0,1
Q8TBC3,0,0,0,0,1
Q8TBY9,0,0,0,0,1
Q8TBZ3,0,0,0,0,1
Q8TD19,0,0,0,0,1
Q8TDD2,0,1,0,0,0
Q8TDN6,0,0,0,0,1
Q8TDP1,0,0,0,0,1
Q8TDQ7,0,1,0,0,0
Q8TDY2,0,0,0,0,1
Q8TDZ2,0,0,0,0,1
Q8TE77,0,0,0,0,1
Q8TE85,0,0,0,0,1
Q8TEB1,0,0,0,0,1
Q8TED0,0,0,0,0,1
Q8TEK3,0,0,0,0,1
Q8TEP8,0,0,0,0,1
Q8TEW8,0,0,0,0,1
Q8TF05,0,0,0,0,1
Q8TF09,1,0,0,0,0
Q8TF68,0,0,0,0,1
Q8WTS6,0,0,0,0,1
Q8WU79,0,0,0,0,1
Q8WUA2,0,0,0,0,1
Q8WUA4,0,0,0,0,1
Q8WUB8,0,0,0,0,1
Q8WUD4,0,0,0,0,1
Q8WUM0,0,0,0,0,1
Q8WUN7,0,1,0,0,0
Q8WUP2,0,0,0,0,1
Q8WUX9,0,0,0,0,1
Q8WV22,0,0,0,0,1
Q8WVC0,0,0,0,0,1
Q8WVM7,0,1,0,0,0
Q8WVV4,0,0,0,0,1
Q8WVV9,0,0,0,0,1
Q8WW22,0,0,0,0,1
Q8WW59,0,0,0,0,1
Q8WWQ0,0,0,0,0,1
Q8WWY3,0,0,0,0,1
Q8WXA3,0,0,0,0,1
Q8WXA9,0,0,0,0,1
Q8WXC6,0,1,0,0,0
Q8WXD5,0,0,0,0,1
Q8WXG6,0,0,0,0,1
Q8WXI9,0,0,0,0,1
Q8WXX0,0,0,0,0,1
Q8WY36,0,0,0,0,1
Q8WYA0,0,0,0,0,1
Q8WYA1,0,0,1,0,0
Q8WYA6,0,0,0,0,1
Q8WYB5,0,0,1,0,0
Q8WYP3,0,0,0,0,1
Q8WZ64,0,0,0,0,1
Q92466,0,1,0,0,0
Q92503,0,0,0,0,1
Q92530,0,0,0,0,1
Q92540,0,0,0,0,1
Q92541,0,0,0,0,1
Q92547,0,0,0,0,1
Q92560,0,0,0,0,1
Q92564,0,0,0,0,1
Q92565,0,0,0,0,1
Q92585,0,1,0,0,0
Q92600,0,0,0,0,1
Q92615,0,0,0,0,1
Q92618,0,0,0,0,1
Q92620,0,0,0,0,1
Q92625,0,0,0,0,1
Q92636,0,0,0,0,1
Q92782,0,0,0,0,1
Q92786,0,0,0,0,1
Q92793,0,0,0,0,1
Q92800,0,0,0,0,1
Q92834,0,0,0,0,1
Q92845,0,0,0,0,1
Q92878,0,0,0,0,1
Q92879,0,0,0,0,1
Q92888,0,0,0,0,1
Q92890,0,0,0,0,1
Q92989,0,0,0,0,1
Q92990,0,0,0,0,1
Q92995,0,0,0,0,1
Q92997,0,0,0,0,1
Q969E4,0,0,0,0,1
Q969G3,0,0,0,0,1
Q969M7,0,0,0,0,1
Q969R5,0,0,0,0,1
Q969R8,0,0,0,0,1
Q969S3,0,0,0,0,1
Q969T9,0,0,0,0,1
Q969X6,0,0,0,0,1
Q96A65,0,0,0,0,1
Q96AB3,0,0,0,0,1
Q96AQ6,0,0,0,0,1
Q96AY4,0,0,0,0,1
Q96AZ6,0,0,0,0,1
Q96B01,0,0,0,0,1
Q96BH1,0,0,0,0,1
Q96BJ3,0,0,0,0,1
Q96BN8,0,0,0,0,1
Q96BP3,0,0,0,0,1
Q96C01,0,0,0,0,1
Q96CD2,0,0,0,0,1
Q96CW5,0,0,0,0,1
Q96D46,0,0,0,0,1
Q96DB5,0,0,0,0,1
Q96DC9,0,0,0,0,1
Q96DE0,0,0,0,0,1
Q96DN6,0,0,0,0,1
Q96DT7,0,0,0,0,1
Q96EE3,0,0,0,0,1
Q96EI5,0,0,0,0,1
Q96EP0,0,0,0,0,1
Q96EP1,0,0,0,0,1
Q96ER3,0,0,0,0,1
Q96ES7,0,0,0,0,1
Q96F44,0,0,0,0,1
Q96F86,0,0,0,0,1
Q96FC7,0,0,0,0,1
Q96FX7,0,0,0,0,1
Q96G25,0,0,0,0,1
Q96GA7,0,0,0,0,1
Q96GD4,0,0,0,0,1
Q96GN5,0,0,0,0,1
Q96GQ7,0,0,0,0,1
Q96H79,0,0,0,0,1
Q96HA7,0,0,0,0,1
Q96HA8,0,0,0,0,1
Q96HE9,0,0,0,0,1
Q96HQ2,0,0,0,0,1
Q96HR3,0,0,0,0,1
Q96HR8,0,0,0,0,1
Q96HW7,0,0,0,0,1
Q96I25,0,0,0,0,1
Q96IK5,0,0,0,0,1
Q96IV0,0,0,0,0,1
Q96J01,0,0,0,0,1
Q96J92,0,0,1,0,0
Q96JB5,0,0,0,0,1
Q96JD6,0,0,0,0,1
Q96JG9,0,0,0,0,1
Q96JH7,0,0,0,0,1
Q96JH8,0,1,0,0,0
Q96JM3,0,0,0,0,1
Q96JP2,0,1,0,0,0
Q96JY6,0,0,0,0,1
Q96K76,0,0,0,0,1
Q96K83,0,0,1,0,0
Q96KB5,0,0,0,0,1
Q96KN1,0,0,0,0,1
Q96KP1,0,0,0,0,1
Q96L73,0,0,0,0,1
Q96L91,0,0,0,0,1
Q96LA8,0,0,0,0,1
Q96LD8,0,0,0,0,1
Q96LI5,0,0,0,0,1
Q96M02,0,0,0,0,1
Q96M27,0,0,0,0,1
Q96M96,0,0,0,0,1
Q96ME7,0,0,0,0,1
Q96MF7,0,0,0,0,1
Q96MI9,0,0,0,0,1
Q96MN9,0,1,0,0,0
Q96MU7,0,0,0,0,1
Q96MY1,0,0,0,0,1
Q96N20,0,0,0,0,1
Q96N23,0,0,0,0,1
Q96N96,0,0,0,0,1
Q96NC0,0,0,0,0,1
Q96NJ3,1,0,0,0,0
Q96NL6,0,0,0,0,1
Q96P47,0,0,0,0,1
Q96PE6,1,0,0,0,0
Q96PU4,0,0,0,0,1
Q96PY6,0,0,0,0,1
Q96PZ0,0,0,0,0,1
Q96Q05,0,0,0,0,1
Q96Q15,0,0,0,0,1
Q96QC0,0,0,1,0,0
Q96QE3,0,0,0,0,1
Q96QR8,0,0,0,0,1
Q96QU8,0,0,0,0,1
Q96R05,0,0,0,0,1
Q96RE7,0,0,0,0,1
Q96RJ6,1,0,0,0,0
Q96RK0,0,0,0,0,1
Q96RL1,0,0,0,0,1
Q96RU2,0,0,0,0,1
Q96RY7,0,0,0,0,1
Q96S15,0,0,0,0,1
Q96S44,0,0,0,0,1
Q96S55,0,0,0,0,1
Q96ST2,0,0,0,0,1
Q96ST3,0,0,0,0,1
Q96SU4,0,0,0,0,1
Q96SY0,0,0,0,0,1
Q96SZ5,0,0,0,0,1
Q96T23,0,0,0,0,1
Q96T76,0,0,0,0,1
Q96T88,0,0,0,0,1
Q99424,0,0,0,0,1
Q99447,0,0,0,0,1
Q99457,0,0,0,0,1
Q99459,0,0,0,0,1
Q99496,0,0,0,0,1
Q99543,0,0,0,0,1
Q99567,0,0,0,0,1
Q99590,0,0,0,0,1
Q99592,1,0,0,0,0
Q99611,0,0,0,0,1
Q99697,0,0,0,0,1
Q99698,0,0,0,0,1
Q99704,0,0,0,0,1
Q99707,0,0,0,0,1
Q99728,0,0,0,0,1
Q99848,0,0,0,0,1
Q99871,0,0,0,0,1
Q99959,0,0,0,0,1
Q99973,0,0,0,0,1
Q99986,0,0,0,0,1
Q9BPU6,0,0,1,0,0
Q9BPW5,0,0,0,0,1
Q9BQ39,0,0,0,0,1
Q9BQ67,0,0,0,0,1
Q9BQ87,0,0,0,0,1
Q9BQA1,0,0,0,0,1
Q9BQC3,0,0,0,0,1
Q9BR09,0,0,1,0,0
Q9BRD0,0,0,0,0,1
Q9BRJ7,0,0,0,0,1
Q9BRP4,0,0,0,0,1
Q9BRP8,0,0,0,0,1
Q9BRQ0,0,0,0,0,1
Q9BRX2,0,0,0,0,1
Q9BRX5,0,0,0,0,1
Q9BRX9,0,0,0,0,1
Q9BSB4,0,0,0,0,1
Q9BSC4,0,0,0,0,1
Q9BSD7,0,0,0,0,1
Q9BSH5,0,0,0,0,1
Q9BTE1,0,0,0,0,1
Q9BTE6,0,0,0,0,1
Q9BTX7,0,1,0,0,0
Q9BU02,0,0,0,0,1
Q9BU89,0,0,0,0,1
Q9BUE0,0,0,0,0,1
Q9BUH6,0,0,0,0,1
Q9BUI4,0,0,0,0,1
Q9BUJ2,0,0,0,0,1
Q9BUR4,0,0,0,0,1
Q9BV20,0,0,0,0,1
Q9BV38,0,0,0,0,1
Q9BV86,0,0,0,0,1
Q9BVC4,0,0,0,0,1
Q9BVJ7,0,0,0,0,1
Q9BVV6,0,0,1,0,0
Q9BW19,0,0,0,0,1
Q9BW27,0,0,0,0,1
Q9BW30,0,0,0,0,1
Q9BW85,0,0,0,0,1
Q9BWE0,0,0,0,0,1
Q9BWF3,0,0,0,0,1
Q9BWH6,0,0,0,0,1
Q9BWJ5,0,0,0,0,1
Q9BWT7,0,0,0,0,1
Q9BWU0,0,0,0,0,1
Q9BX26,0,0,0,0,1
Q9BX46,0,0,0,0,1
Q9BXB4,0,0,0,0,1
Q9BXF3,0,0,0,0,1
Q9BXS6,0,0,0,0,1
Q9BXY0,0,0,0,0,1
Q9BXY8,0,1,0,0,0
Q9BY42,0,0,0,0,1
Q9BY77,0,0,0,0,1
Q9BYJ1,0,0,0,0,1
Q9BYK8,0,0,0,0,1
Q9BYM8,0,0,0,0,1
Q9BYR3,1,0,0,0,0
Q9BYT5,0,0,0,0,1
Q9BYV8,0,0,0,0,1
Q9BZ95,0,0,0,0,1
Q9BZE4,0,0,0,0,1
Q9BZI7,0,0,0,0,1
Q9BZJ0,0,0,0,0,1
Q9BZK7,0,0,0,0,1
Q9BZL1,0,0,0,0,1
Q9BZL4,0,0,0,0,1
Q9BZM3,0,0,1,0,0
Q9C075,0,0,0,0,1
Q9C0B0,0,0,0,0,1
Q9C0C2,0,0,0,0,1
Q9C0D3,0,0,0,0,1
Q9C0E2,0,0,0,0,1
Q9C0G0,0,0,0,0,1
Q9C0G6,0,0,0,0,1
Q9C0H9,0,0,0,0,1
Q9C0J8,0,0,0,0,1
Q9GZQ3,0,0,0,0,1
Q9GZR2,0,1,0,0,0
Q9GZS1,0,0,0,0,1
Q9GZS3,0,0,0,0,1
Q9GZT9,0,0,0,0,1
Q9GZU2,0,0,0,0,1
Q9GZX5,0,0,0,0,1
Q9H081,0,0,0,0,1
Q9H089,0,0,0,0,1
Q9H0A0,0,0,0,0,1
Q9H0A8,0,0,0,0,1
Q9H0E7,1,0,0,0,0
Q9H0G5,0,0,0,0,1
Q9H0J9,0,0,0,0,1
Q9H0K1,0,0,0,0,1
Q9H0L4,1,0,0,0,0
Q9H0N5,0,0,0,0,1
Q9H0P0,0,0,0,0,1
Q9H116,0,0,0,0,1
Q9H1D9,0,0,0,0,1
Q9H1I8,0,1,0,0,0
Q9H1Z4,0,0,0,0,1
Q9H211,0,0,0,0,1
Q9H257,0,0,0,0,1
Q9H2D6,0,0,0,0,1
Q9H2F5,1,0,0,0,0
Q9H2H8,0,0,0,0,1
Q9H2M9,0,0,0,0,1
Q9H2P9,0,0,0,0,1
Q9H2T7,0,0,1,0,0
Q9H307,0,0,0,0,1
Q9H3S4,0,0,0,0,1
Q9H3Z7,0,0,0,0,1
Q9H477,0,0,0,0,1
Q9H479,0,0,0,0,1
Q9H489,0,0,0,0,1
Q9H4G0,0,0,0,0,1
Q9H4H8,0,0,0,0,1
Q9H4Z2,0,0,0,0,1
Q9H5N1,0,0,0,0,1
Q9H5U6,0,0,0,0,1
Q9H5X1,0,0,0,0,1
Q9H609,1,0,0,0,0
Q9H668,0,0,0,0,1
Q9H6E5,0,0,0,0,1
Q9H6Q4,0,0,0,0,1
Q9H6T3,0,0,0,0,1
Q9H6V9,0,0,0,0,1
Q9H6W3,0,0,0,0,1
Q9H788,0,0,0,0,1
Q9H7B2,0,0,0,0,1
Q9H7C9,0,0,0,0,1
Q9H7E2,0,0,0,0,1
Q9H7L9,0,0,0,0,1
Q9H7N4,0,0,0,0,1
Q9H7P9,0,0,0,0,1
Q9H7T9,0,0,0,0,1
Q9H814,0,0,0,0,1
Q9H867,0,0,0,0,1
Q9H869,0,0,0,0,1
Q9H871,0,0,0,0,1
Q9H8H0,0,0,0,0,1
Q9H8M2,1,0,0,0,0
Q9H8M7,0,0,0,0,1
Q9H8X2,0,1,0,0,0
Q9H944,0,0,0,0,1
Q9H9A5,0,0,0,0,1
Q9H9A6,0,0,0,0,1
Q9H9B1,0,0,0,0,1
Q9H9S4,0,0,0,0,1
Q9H9T3,0,0,0,0,1
Q9H9Y6,0,0,0,0,1
Q9H9Z2,0,0,0,0,1
Q9HA64,0,0,0,0,1
Q9HAJ7,0,0,0,0,1
Q9HAN9,0,0,0,0,1
Q9HAU5,0,0,0,0,1
Q9HAW4,0,0,0,0,1
Q9HAZ2,0,0,0,0,1
Q9HB90,0,0,0,0,1
Q9HB96,0,0,0,0,1
Q9HBE1,0,0,0,0,1
Q9HBG6,0,0,0,0,1
Q9HC35,0,0,0,0,1
Q9HCD6,1,0,0,0,0
Q9HCE3,0,0,0,0,1
Q9HCH0,0,0,0,0,1
Q9HCI7,0,0,0,0,1
Q9HCJ0,0,0,0,0,1
Q9HCK8,0,0,0,0,1
Q9HCM1,0,0,0,0,1
Q9HCS7,0,0,0,0,1
Q9HCU9,0,0,0,0,1
Q9HD15,0,0,0,0,1
Q9NP64,0,0,0,0,1
Q9NP97,0,0,0,0,1
Q9NP98,0,0,0,0,1
Q9NPC3,0,0,0,0,1
Q9NPD8,0,0,0,0,1
Q9NPE3,0,0,0,0,1
Q9NPF4,0,0,0,0,1
Q9NPF5,0,0,0,0,1
Q9NPI1,0,0,0,0,1
Q9NPJ6,0,0,0,0,1
Q9NPJ8,0,0,0,0,1
Q9NQ48,0,0,0,0,1
Q9NQ55,0,0,0,0,1
Q9NQE9,0,0,0,0,1
Q9NQS7,0,0,0,0,1
Q9NQU5,0,0,0,0,1
Q9NQZ2,0,1,0,0,0
Q9NR12,0,0,0,0,1
Q9NR46,0,0,0,0,1
Q9NR50,0,0,0,0,1
Q9NR56,0,0,0,0,1
Q9NR64,0,0,0,0,1
Q9NRC6,0,0,0,0,1
Q9NRD1,0,0,0,0,1
Q9NRE2,0,0,0,0,1
Q9NRF8,0,0,0,0,1
Q9NRF9,0,0,0,0,1
Q9NRG4,0,0,0,0,1
Q9NRW3,0,0,0,0,1
Q9NS39,0,0,0,0,1
Q9NS73,1,0,0,0,0
Q9NSI6,0,0,0,0,1
Q9NSK0,0,0,0,0,1
Q9NSY0,0,0,0,0,1
Q9NTI5,0,0,0,0,1
Q9NTJ4,0,0,0,0,1
Q9NTM9,0,0,0,0,1
Q9NTX5,0,1,0,0,0
Q9NUD5,0,0,0,0,1
Q9NUG6,0,0,0,0,1
Q9NUK0,0,0,0,0,1
Q9NUL5,0,0,0,0,1
Q9NUQ6,0,0,0,0,1
Q9NUQ7,0,0,0,0,1
Q9NV06,0,0,0,0,1
Q9NV31,0,0,0,0,1
Q9NV35,0,0,0,0,1
Q9NV88,0,0,0,0,1
Q9NVA2,0,1,0,0,0
Q9NVC6,0,0,0,0,1
Q9NVE7,0,0,0,0,1
Q9NVF7,0,0,0,0,1
Q9NVH2,0,0,0,0,1
Q9NVI1,0,0,0,0,1
Q9NVM9,0,0,0,0,1
Q9NVN8,0,0,0,0,1
Q9NVP1,0,0,0,0,1
Q9NVP2,0,0,0,0,1
Q9NVR2,0,0,0,0,1
Q9NW08,0,0,0,0,1
Q9NW13,0,0,0,0,1
Q9NW75,0,0,0,0,1
Q9NWH9,0,0,0,0,1
Q9NWM0,0,0,0,0,1
Q9NWS0,0,0,0,0,1
Q9NWT1,0,0,0,0,1
Q9NWT6,0,0,0,0,1
Q9NWV8,0,0,0,0,1
Q9NX02,0,0,0,0,1
Q9NX05,0,0,1,0,0
Q9NX08,0,0,0,0,1
Q9NX24,0,0,0,0,1
Q9NX40,0,0,0,0,1
Q9NX58,0,0,0,0,1
Q9NXC5,0,0,0,0,1
Q9NXF1,0,0,0,0,1
Q9NXL9,0,0,0,0,1
Q9NXN4,0,0,0,0,1
Q9NXR7,0,0,0,0,1
Q9NY12,0,0,0,0,1
Q9NY27,0,0,0,0,1
Q9NY74,1,0,0,0,0
Q9NYB0,0,1,0,0,0
Q9NYP9,0,1,0,0,0
Q9NZC9,0,0,0,0,1
Q9NZD2,0,0,0,0,1
Q9NZN8,0,0,0,0,1
Q9NZR1,1,0,0,0,0
Q9NZT2,0,0,0,0,1
Q9NZU5,0,0,0,0,1
Q9P016,0,0,0,0,1
Q9P0L1,1,0,0,0,0
Q9P0M2,0,0,0,0,1
Q9P0R6,0,0,0,0,1
Q9P0U4,0,0,0,0,1
Q9P0V9,0,0,0,0,1
Q9P107,0,0,0,0,1
Q9P1Q0,0,0,0,0,1
Q9P1Y5,0,0,0,0,1
Q9P1Y6,0,0,0,0,1
Q9P215,0,0,0,0,1
Q9P219,0,0,0,0,1
Q9P275,0,0,0,0,1
Q9P2D1,0,0,0,0,1
Q9P2E3,0,0,0,0,1
Q9P2F6,1,0,0,0,0
Q9P2H3,0,1,0,0,0
Q9P2K5,0,0,0,0,1
Q9P2K8,0,0,0,0,1
Q9P2M7,0,0,0,0,1
Q9P2P6,1,0,0,0,0
Q9P2R6,0,0,0,0,1
Q9P2T0,0,1,0,0,0
Q9UBB6,0,0,0,0,1
Q9UBC3,0,0,0,0,1
Q9UBD5,0,0,0,0,1
Q9UBF6,0,0,0,0,1
Q9UBK9,0,0,0,0,1
Q9UBL3,0,0,0,0,1
Q9UBN7,0,0,0,0,1
Q9UBP6,0,0,0,0,1
Q9UBS8,0,0,0,0,1
Q9UBT6,0,0,0,0,1
Q9UBU8,0,0,0,0,1
Q9UBU9,0,0,0,0,1
Q9UFC0,0,0,0,0,1
Q9UFH2,0,0,0,0,1
Q9UFW8,0,0,0,0,1
Q9UG63,0,0,0,0,1
Q9UGI8,0,0,0,0,1
Q9UGL1,0,0,0,0,1
Q9UGN5,0,0,0,0,1
Q9UGR2,0,0,0,0,1
Q9UGU0,0,0,0,0,1
Q9UHC7,0,0,0,0,1
Q9UHD2,0,0,0,0,1
Q9UHI6,0,1,0,0,0
Q9UHP3,0,0,0,0,1
Q9UHR5,0,0,0,0,1
Q9UHW5,0,0,0,0,1
Q9UI10,0,0,0,0,1
Q9UID3,0,0,0,0,1
Q9UIF8,0,0,0,0,1
Q9UIF9,0,0,0,0,1
Q9UIL4,0,0,0,0,1
Q9UIS9,1,0,0,0,0
Q9UIV1,0,0,0,0,1
Q9UJP4,0,0,0,0,1
Q9UJW0,0,0,0,0,1
Q9UJX2,0,0,0,0,1
Q9UJX4,0,0,0,0,1
Q9UJX5,0,0,0,0,1
Q9UK45,0,0,0,0,1
Q9UK58,0,0,0,0,1
Q9UK59,0,0,0,0,1
Q9UK61,0,0,0,0,1
Q9UK99,0,0,0,0,1
Q9UKB1,0,0,0,0,1
Q9UKL0,0,0,0,0,1
Q9UKL6,0,0,0,0,1
Q9UKT5,0,0,0,0,1
Q9UKT9,0,0,0,0,1
Q9UKZ1,0,0,0,0,1
Q9UL33,0,0,0,0,1
Q9UL63,0,0,0,0,1
Q9UL68,1,0,0,0,0
Q9ULD5,0,0,0,0,1
Q9ULD9,0,0,0,0,1
Q9ULG1,0,0,0,0,1
Q9ULH1,0,0,0,0,1
Q9ULI0,0,0,0,0,1
Q9ULJ8,0,0,0,0,1
Q9ULK4,0,0,0,0,1
Q9ULL8,0,0,0,0,1
Q9ULM0,0,0,0,0,1
Q9ULR0,1,0,0,0,0
Q9ULU4,0,0,0,0,1
Q9ULV3,0,0,0,0,1
Q9ULW6,0,0,0,0,1
Q9ULX6,0,0,0,0,1
Q9UM13,0,0,0,0,1
Q9UMN6,0,0,0,0,1
Q9UN81,0,0,0,0,1
Q9UNE7,0,0,0,0,1
Q9UNI6,0,0,0,0,1
Q9UNY4,0,0,0,0,1
Q9UPN7,0,0,0,0,1
Q9UPN9,0,0,0,0,1
Q9UPQ0,0,0,0,0,1
Q9UPQ9,0,0,0,0,1
Q9UPR6,0,0,0,0,1
Q9UPS6,0,0,0,0,1
Q9UPS8,0,0,0,0,1
Q9UQ13,0,0,0,0,1
Q9UQ84,0,1,0,0,0
Q9UQR1,0,0,0,0,1
Q9Y221,0,0,0,0,1
Q9Y232,0,0,0,0,1
Q9Y233,0,0,1,0,0
Q9Y238,1,0,0,0,0
Q9Y259,1,0,0,0,0
Q9Y295,0,0,0,0,1
Q9Y2D9,0,0,0,0,1
Q9Y2I8,0,1,0,0,0
Q9Y2K1,0,0,0,0,1
Q9Y2K3,0,0,0,0,1
Q9Y2L9,0,0,0,0,1
Q9Y2P8,0,0,0,0,1
Q9Y2T1,0,0,0,0,1
Q9Y2U5,0,0,0,0,1
Q9Y2W2,0,0,0,0,1
Q9Y2X0,0,0,0,0,1
Q9Y2X3,0,0,0,0,1
Q9Y312,0,0,0,0,1
Q9Y316,0,0,0,0,1
Q9Y383,0,0,0,0,1
Q9Y388,0,0,0,0,1
Q9Y3A5,0,0,0,0,1
Q9Y3B4,0,0,0,0,1
Q9Y3B9,0,0,0,0,1
Q9Y3C7,0,0,0,0,1
Q9Y3D8,0,0,0,0,1
Q9Y3Q8,0,0,0,0,1
Q9Y3R4,0,0,0,0,1
Q9Y3T9,0,0,0,0,1
Q9Y3Y2,0,0,0,0,1
Q9Y3Z3,0,0,0,0,1
Q9Y446,0,0,0,0,1
Q9Y473,0,0,1,0,0
Q9Y484,0,0,0,0,1
Q9Y485,0,1,0,0,0
Q9Y4E5,0,0,0,0,1
Q9Y4F4,1,0,0,0,0
Q9Y4F5,0,0,0,0,1
Q9Y4K3,0,0,0,0,1
Q9Y4P3,0,0,0,0,1
Q9Y4R8,0,0,0,0,1
Q9Y4W2,0,0,0,0,1
Q9Y508,0,0,0,0,1
Q9Y547,0,0,0,0,1
Q9Y576,0,1,0,0,0
Q9Y5A7,0,0,0,0,1
Q9Y5A9,0,0,0,0,1
Q9Y5J1,0,0,0,0,1
Q9Y5L0,0,1,0,0,0
Q9Y5P6,0,0,0,0,1
Q9Y5Q9,0,0,0,0,1
Q9Y5V0,0,0,0,0,1
Q9Y618,0,0,0,0,1
Q9Y623,0,1,0,0,0
Q9Y657,0,0,0,0,1
Q9Y6A5,0,0,0,0,1
Q9Y6D6,0,0,0,0,1
Q9Y6D9,0,0,0,0,1
Q9Y6G5,0,0,0,0,1
Q9Y6I4,0,0,0,0,1
Q9Y6K1,0,0,0,0,1
Q9Y6K9,0,0,0,0,1
Q9Y6R9,0,0,0,0,1
Q9Y6X3,0,0,0,0,1
Q9Y6X6,0,0,0,0,1
Q9Y6X8,0,1,0,0,0
Q9Y6X9,0,0,0,0,1
Q9Y6Y0,0,0,0,0,1
